{
  "project_info": {
    "project_number": "1091121043048",
    "firebase_url": "https://fir-c7bc0.firebaseio.com",
    "project_id": "fir-c7bc0",
    "storage_bucket": "fir-c7bc0.appspot.com"
  },
  "client": [
    {
      "client_info": {
        "mobilesdk_app_id": "1:1091121043048:android:1d0a0272efb3211b32cddd",
        "android_client_info": {
          "package_name": "com.ikhcamot.firebase"
        }
      },
      "oauth_client": [
        {
          "client_id": "1091121043048-ku2dnoh4qkdiv00ss6qkuoiqc60paud6.apps.googleusercontent.com",
          "client_type": 1,
          "android_info": {
            "package_name": "com.ikhcamot.firebase",
            "certificate_hash": "a54960e80016cf2ab97127f297d9326c301421b1"
          }
        },
        {
          "client_id": "1091121043048-s08rqfj3gfnodtug8ovvo3o4pecrjnn3.apps.googleusercontent.com",
          "client_type": 3
        }
      ],
      "api_key": [
        {
          "current_key": "AIzaSyCb3d0CZI-Ov-XyaPm2UpoZtnRFDHEA5Fo"
        }
      ],
      "services": {
        "appinvite_service": {
          "other_platform_oauth_client": [
            {
              "client_id": "1091121043048-s08rqfj3gfnodtug8ovvo3o4pecrjnn3.apps.googleusercontent.com",
              "client_type": 3
            }
          ]
        }
      }
    }
  ],
  "configuration_version": "1"
}